{
  "main": {
    "id": "f1dfa8ab6dc9b87c",
    "type": "split",
    "children": [
      {
        "id": "d61a55d0dc5d2d6b",
        "type": "tabs",
        "children": [
          {
            "id": "c38f9ed63d5bd288",
            "type": "leaf",
            "state": {
              "type": "markdown",
              "state": {
                "file": "⭐数据分析师简历模板.md",
                "mode": "source",
                "source": false
              },
              "icon": "lucide-file",
              "title": "⭐数据分析师简历模板"
            }
          },
          {
            "id": "8c4c86fa868f94c8",
            "type": "leaf",
            "state": {
              "type": "markdown",
              "state": {
                "file": "➡️使用指引.md",
                "mode": "preview",
                "source": false
              },
              "icon": "lucide-file",
              "title": "➡️使用指引"
            }
          }
        ],
        "stacked": true
      }
    ],
    "direction": "vertical"
  },
  "left": {
    "id": "4713823910c4fde4",
    "type": "split",
    "children": [
      {
        "id": "f15c88eed12f55c4",
        "type": "tabs",
        "children": [
          {
            "id": "0e8c37cdab26e064",
            "type": "leaf",
            "state": {
              "type": "file-explorer",
              "state": {
                "sortOrder": "alphabetical",
                "autoReveal": false
              },
              "icon": "lucide-folder-closed",
              "title": "文件列表"
            }
          },
          {
            "id": "c0c9da8247ef8012",
            "type": "leaf",
            "state": {
              "type": "search",
              "state": {
                "query": "",
                "matchingCase": false,
                "explainSearch": false,
                "collapseAll": false,
                "extraContext": false,
                "sortOrder": "alphabetical"
              },
              "icon": "lucide-search",
              "title": "搜索"
            }
          },
          {
            "id": "18a0524d100df115",
            "type": "leaf",
            "state": {
              "type": "bookmarks",
              "state": {},
              "icon": "lucide-bookmark",
              "title": "书签"
            }
          }
        ]
      }
    ],
    "direction": "horizontal",
    "width": 300
  },
  "right": {
    "id": "de6c172c63c8ef22",
    "type": "split",
    "children": [
      {
        "id": "200f6da13d3e1421",
        "type": "tabs",
        "children": [
          {
            "id": "6b430e93f816ef1b",
            "type": "leaf",
            "state": {
              "type": "backlink",
              "state": {
                "file": "⭐数据分析师简历模板.md",
                "collapseAll": false,
                "extraContext": false,
                "sortOrder": "alphabetical",
                "showSearch": false,
                "searchQuery": "",
                "backlinkCollapsed": false,
                "unlinkedCollapsed": true
              },
              "icon": "links-coming-in",
              "title": "⭐数据分析师简历模板 的反向链接列表"
            }
          },
          {
            "id": "999838d756f0b23d",
            "type": "leaf",
            "state": {
              "type": "outgoing-link",
              "state": {
                "file": "⭐数据分析师简历模板.md",
                "linksCollapsed": false,
                "unlinkedCollapsed": true
              },
              "icon": "links-going-out",
              "title": "⭐数据分析师简历模板 的出链列表"
            }
          },
          {
            "id": "ba24ba75016c65a3",
            "type": "leaf",
            "state": {
              "type": "tag",
              "state": {
                "sortOrder": "frequency",
                "useHierarchy": true,
                "showSearch": false,
                "searchQuery": ""
              },
              "icon": "lucide-tags",
              "title": "标签"
            }
          },
          {
            "id": "4bc332e219c749aa",
            "type": "leaf",
            "state": {
              "type": "outline",
              "state": {
                "file": "⭐数据分析师简历模板.md",
                "followCursor": false,
                "showSearch": false,
                "searchQuery": ""
              },
              "icon": "lucide-list",
              "title": "⭐数据分析师简历模板 的大纲"
            }
          },
          {
            "id": "757b9f68dc81ce57",
            "type": "leaf",
            "state": {
              "type": "all-properties",
              "state": {
                "sortOrder": "frequency",
                "showSearch": false,
                "searchQuery": ""
              },
              "icon": "lucide-archive",
              "title": "添加笔记属性"
            }
          }
        ]
      }
    ],
    "direction": "horizontal",
    "width": 300,
    "collapsed": true
  },
  "left-ribbon": {
    "hiddenItems": {
      "switcher:打开快速切换": false,
      "graph:查看关系图谱": false,
      "canvas:新建白板": false,
      "daily-notes:打开/创建今天的日记": false,
      "templates:插入模板": false,
      "command-palette:打开命令面板": false,
      "templater-obsidian:Templater": false
    }
  },
  "active": "c38f9ed63d5bd288",
  "lastOpenFiles": [
    "附件资料/图片附件/Pasted image 20250719115133.png",
    "➡️使用指引.md",
    "附件资料/图片附件/Pasted image 20250719115525.png",
    "⭐数据分析师简历模板.md",
    "附件资料/cv_icon.md",
    "附件资料/图片附件/cv_icon-2025-04-03-zx164x.png",
    "附件资料/图片附件/cv_icon-2025-04-03-xkyvs9.png",
    "附件资料/图片附件/cv_icon-2025-04-03-vyl8i8.png",
    "附件资料/图片附件/cv_icon-2025-04-03-u8hq6f.png",
    "附件资料/图片附件/cv_icon-2025-04-03-myzjk2.png",
    "附件资料/图片附件/cv_icon-2025-04-03-ilv5pq.png",
    "附件资料/图片附件/cv_icon-2025-04-03-jj079q.png",
    "附件资料/图片附件/cv_icon-2025-04-03-m3bjau.png",
    "附件资料/图片附件",
    "附件资料"
  ]
}